GradientNorms,TimeTaken,FunctionValues,Accuracy
109.3152995633074,0.017891407012939453,2.2740550186900865,0.4
103.7940750433361,0.020367860794067383,3.585492003895457,
84.44296419611821,0.020367860794067383,1.1574841891006558,
112.24275568320591,0.02083134651184082,10.381065609673989,
112.06446017776109,0.02083134651184082,3.638506023501098,
103.91735550603684,0.021335363388061523,330.0371966624799,
103.91735550603684,0.021335363388061523,330.0371966624799,
,0.022319555282592773,,
