GradientNorms,TimeTaken,FunctionValues,Accuracy
106.69788146158248,0.02183699607849121,2.5865866009531793,0.7
114.09670015120761,0.024334192276000977,33.4972334621104,
,0.02481245994567871,,
